{
  "xgboost": 0.33880968947556045,
  "lightgbm": 0.3371377439683421,
  "linear": 0.3240525665560975
}