{
  "xgboost": {
    "accuracy": 0.9658823529411765,
    "precision": 0.9644137224782386,
    "recall": 0.9614599285349669,
    "f1": 0.9629345603271984
  },
  "lightgbm": {
    "accuracy": 0.9614117647058823,
    "precision": 0.9604925602873269,
    "recall": 0.9555895865237366,
    "f1": 0.9580348004094166
  },
  "neural_net": null,
  "linear": {
    "accuracy": 0.9268823529411765,
    "precision": 0.9339212847176517,
    "recall": 0.905436447166922,
    "f1": 0.9194583036350678
  }
}