{
  "xgboost": 0.3401488752401221,
  "lightgbm": 0.3406457152053718,
  "linear": 0.31920540955450594
}