{
  "xgboost": {
    "accuracy": 0.9976666666666667,
    "precision": 0.9989171629669734,
    "recall": 0.9972972972972973,
    "f1": 0.9981065728969435
  },
  "lightgbm": {
    "accuracy": 0.9993333333333333,
    "precision": 0.9989200863930886,
    "recall": 1.0,
    "f1": 0.9994597514856834
  },
  "neural_net": null,
  "linear": {
    "accuracy": 0.927,
    "precision": 0.9340074507716871,
    "recall": 0.9486486486486486,
    "f1": 0.9412711182622687
  }
}