{
  "xgboost": 0.34003035437876705,
  "lightgbm": 0.34081987838431366,
  "linear": 0.3191497672369192
}