{
  "xgboost": {
    "accuracy": 0.9993333333333333,
    "precision": 0.9994672349493873,
    "recall": 0.9994672349493873,
    "f1": 0.9994672349493873
  },
  "lightgbm": {
    "accuracy": 0.999,
    "precision": 0.9994669509594882,
    "recall": 0.9989344698987747,
    "f1": 0.9992006394884093
  },
  "neural_net": null,
  "linear": {
    "accuracy": 0.9216666666666666,
    "precision": 0.9316508937960042,
    "recall": 0.9440596696856686,
    "f1": 0.9378142365705213
  }
}