{
  "xgboost": {
    "accuracy": 0.998,
    "precision": 0.9983879634605051,
    "recall": 0.9983879634605051,
    "f1": 0.9983879634605051
  },
  "lightgbm": {
    "accuracy": 0.999,
    "precision": 0.9989258861439313,
    "recall": 0.999462654486835,
    "f1": 0.9991941982272361
  },
  "neural_net": null,
  "linear": {
    "accuracy": 0.916,
    "precision": 0.9209837781266352,
    "recall": 0.9457281031703385,
    "f1": 0.9331919406150583
  }
}