{
  "xgboost": 0.3397185052555181,
  "lightgbm": 0.3398163980685035,
  "linear": 0.32046509667597833
}