{
  "xgboost": {
    "accuracy": 0.9993333333333333,
    "precision": 0.9994694960212201,
    "recall": 0.9994694960212201,
    "f1": 0.9994694960212201
  },
  "lightgbm": {
    "accuracy": 0.9996666666666667,
    "precision": 0.9994697773064687,
    "recall": 1.0,
    "f1": 0.9997348183505701
  },
  "neural_net": null,
  "linear": {
    "accuracy": 0.9333333333333333,
    "precision": 0.9376623376623376,
    "recall": 0.9575596816976127,
    "f1": 0.94750656167979
  }
}