{
  "xgboost": {
    "accuracy": 0.9963333333333333,
    "precision": 0.9967931587386424,
    "recall": 0.9973262032085561,
    "f1": 0.9970596097300187
  },
  "lightgbm": {
    "accuracy": 0.999,
    "precision": 0.9989310529128808,
    "recall": 0.9994652406417113,
    "f1": 0.9991980753809142
  },
  "neural_net": null,
  "linear": {
    "accuracy": 0.9253333333333333,
    "precision": 0.930890052356021,
    "recall": 0.9508021390374332,
    "f1": 0.9407407407407408
  }
}