{
  "timestamp": "2026-04-09T00:20:12.568004",
  "total_configs": 32,
  "successful": 32,
  "failed": 0,
  "success_rate": 1.0,
  "results": [
    {
      "sport_key": "basketball_nba",
      "market_type": "moneyline",
      "status": "success",
      "samples": 420,
      "model_scores": {
        "xgboost": {
          "accuracy": 0.8571428571428571,
          "precision": 0.8626780626780627,
          "recall": 0.8571428571428571,
          "f1": 0.8579643473260494
        },
        "lightgbm": {
          "accuracy": 0.7619047619047619,
          "precision": 0.7789752316127811,
          "recall": 0.7619047619047619,
          "f1": 0.7635327635327636
        },
        "random_forest": {
          "accuracy": 0.8571428571428571,
          "precision": 0.8626780626780627,
          "recall": 0.8571428571428571,
          "f1": 0.8579643473260494
        }
      }
    },
    {
      "sport_key": "basketball_nba",
      "market_type": "spread",
      "status": "success",
      "samples": 420,
      "model_scores": {
        "xgboost": {
          "accuracy": 0.8571428571428571,
          "precision": 0.8591144335825186,
          "recall": 0.8571428571428571,
          "f1": 0.857638888888889
        },
        "lightgbm": {
          "accuracy": 0.7619047619047619,
          "precision": 0.7789752316127811,
          "recall": 0.7619047619047619,
          "f1": 0.7635327635327636
        },
        "neural_net": {
          "accuracy": 0.8571428571428571,
          "precision": 0.8626780626780627,
          "recall": 0.8571428571428571,
          "f1": 0.8579643473260494
        }
      }
    },
    {
      "sport_key": "basketball_nba",
      "market_type": "total",
      "status": "success",
      "samples": 420,
      "model_scores": {
        "xgboost": {
          "mae": 0.0,
          "rmse": 0.0,
          "mape": 0.0
        },
        "random_forest": {
          "mae": 0.0,
          "rmse": 0.0,
          "mape": 0.0
        },
        "neural_net": {
          "mae": 0.0,
          "rmse": 0.0,
          "mape": 0.0
        }
      }
    },
    {
      "sport_key": "americanfootball_nfl",
      "market_type": "moneyline",
      "status": "success",
      "samples": 500,
      "model_scores": {
        "xgboost": {
          "accuracy": 0.6,
          "precision": 0.5192912827781716,
          "recall": 0.6,
          "f1": 0.543527397260274
        },
        "lightgbm": {
          "accuracy": 0.49,
          "precision": 0.5299242424242425,
          "recall": 0.49,
          "f1": 0.49938974358974364
        },
        "random_forest": {
          "accuracy": 0.57,
          "precision": 0.475,
          "recall": 0.57,
          "f1": 0.5070516717325227
        }
      }
    },
    {
      "sport_key": "americanfootball_nfl",
      "market_type": "spread",
      "status": "success",
      "samples": 500,
      "model_scores": {
        "xgboost": {
          "accuracy": 0.59,
          "precision": 0.5246503496503496,
          "recall": 0.59,
          "f1": 0.5493295865114411
        },
        "lightgbm": {
          "accuracy": 0.47,
          "precision": 0.4862222222222223,
          "recall": 0.47,
          "f1": 0.4722064777327935
        },
        "neural_net": {
          "accuracy": 0.59,
          "precision": 0.49147840531561465,
          "recall": 0.59,
          "f1": 0.5202117822520508
        }
      }
    },
    {
      "sport_key": "americanfootball_nfl",
      "market_type": "total",
      "status": "success",
      "samples": 500,
      "model_scores": {
        "xgboost": {
          "mae": 0.0,
          "rmse": 0.0,
          "mape": 0.0
        },
        "random_forest": {
          "mae": 0.0,
          "rmse": 0.0,
          "mape": 0.0
        },
        "neural_net": {
          "mae": 0.0,
          "rmse": 0.0,
          "mape": 0.0
        }
      }
    },
    {
      "sport_key": "baseball_mlb",
      "market_type": "moneyline",
      "status": "success",
      "samples": 630,
      "model_scores": {
        "xgboost": {
          "accuracy": 0.6428571428571429,
          "precision": 0.6433450182501536,
          "recall": 0.6428571428571429,
          "f1": 0.643060643060643
        },
        "lightgbm": {
          "accuracy": 0.626984126984127,
          "precision": 0.6301335348954397,
          "recall": 0.626984126984127,
          "f1": 0.6275724429784112
        },
        "random_forest": {
          "accuracy": 0.6428571428571429,
          "precision": 0.6445325166636643,
          "recall": 0.6428571428571429,
          "f1": 0.6433310166171732
        }
      }
    },
    {
      "sport_key": "baseball_mlb",
      "market_type": "total",
      "status": "success",
      "samples": 630,
      "model_scores": {
        "xgboost": {
          "mae": 0.0,
          "rmse": 0.0,
          "mape": 0.0
        },
        "random_forest": {
          "mae": 0.0,
          "rmse": 0.0,
          "mape": 0.0
        },
        "neural_net": {
          "mae": 0.0,
          "rmse": 0.0,
          "mape": 0.0
        }
      }
    },
    {
      "sport_key": "icehockey_nhl",
      "market_type": "moneyline",
      "status": "success",
      "samples": 337,
      "model_scores": {
        "xgboost": {
          "accuracy": 0.5735294117647058,
          "precision": 0.3289359861591695,
          "recall": 0.5735294117647058,
          "f1": 0.41808686091258934
        },
        "lightgbm": {
          "accuracy": 0.5735294117647058,
          "precision": 0.3289359861591695,
          "recall": 0.5735294117647058,
          "f1": 0.41808686091258934
        },
        "random_forest": {
          "accuracy": 0.5735294117647058,
          "precision": 0.3289359861591695,
          "recall": 0.5735294117647058,
          "f1": 0.41808686091258934
        }
      }
    },
    {
      "sport_key": "icehockey_nhl",
      "market_type": "puck_line",
      "status": "success",
      "samples": 337,
      "model_scores": {
        "xgboost": {
          "accuracy": 0.0,
          "error": "Classification metrics can't handle a mix of binary and continuous targets"
        },
        "lightgbm": {
          "accuracy": 0.0,
          "error": "Classification metrics can't handle a mix of binary and continuous targets"
        },
        "random_forest": {
          "accuracy": 0.5735294117647058,
          "precision": 0.3289359861591695,
          "recall": 0.5735294117647058,
          "f1": 0.41808686091258934
        }
      }
    },
    {
      "sport_key": "icehockey_nhl",
      "market_type": "total",
      "status": "success",
      "samples": 337,
      "model_scores": {
        "xgboost": {
          "mae": 0.0,
          "rmse": 0.0,
          "mape": 0.0
        },
        "random_forest": {
          "mae": 0.0,
          "rmse": 0.0,
          "mape": 0.0
        },
        "neural_net": {
          "mae": 0.0,
          "rmse": 0.0,
          "mape": 0.0
        }
      }
    },
    {
      "sport_key": "basketball_ncaa",
      "market_type": "moneyline",
      "status": "success",
      "samples": 402,
      "model_scores": {
        "xgboost": {
          "accuracy": 0.6419753086419753,
          "precision": 0.5215637860082305,
          "recall": 0.6419753086419753,
          "f1": 0.5582216871718637
        }
      }
    },
    {
      "sport_key": "basketball_ncaa",
      "market_type": "spread",
      "status": "success",
      "samples": 402,
      "model_scores": {
        "xgboost": {
          "accuracy": 0.6666666666666666,
          "precision": 0.5822222222222222,
          "recall": 0.6666666666666666,
          "f1": 0.5886891570220799
        }
      }
    },
    {
      "sport_key": "basketball_ncaa",
      "market_type": "total",
      "status": "success",
      "samples": 402,
      "model_scores": {
        "xgboost": {
          "mae": 0.0,
          "rmse": 0.0,
          "mape": 0.0
        }
      }
    },
    {
      "sport_key": "soccer_epl",