{
  "xgboost": 0.340984874671134,
  "lightgbm": 0.34088632721507595,
  "linear": 0.3181287981137901
}