{
  "xgboost": 0.34093143076205384,
  "lightgbm": 0.3415209219096613,
  "linear": 0.3175476473282849
}