{
  "xgboost": {
    "accuracy": 0.997,
    "precision": 0.997355896351137,
    "recall": 0.9978835978835979,
    "f1": 0.9976196773340387
  },
  "lightgbm": {
    "accuracy": 0.999,
    "precision": 0.9989423585404548,
    "recall": 0.9994708994708995,
    "f1": 0.9992065591113463
  },
  "neural_net": null,
  "linear": {
    "accuracy": 0.917,
    "precision": 0.9227202472952086,
    "recall": 0.9476190476190476,
    "f1": 0.9350039154267815
  }
}