{
  "xgboost": 0.3410570725530621,
  "lightgbm": 0.3414488407250962,
  "linear": 0.31749408672184154
}