{
  "xgboost": {
    "accuracy": 0.9976666666666667,
    "precision": 0.9978947368421053,
    "recall": 0.9984202211690363,
    "f1": 0.9981574098446959
  },
  "lightgbm": {
    "accuracy": 0.999,
    "precision": 0.9989473684210526,
    "recall": 0.9994734070563455,
    "f1": 0.9992103185048697
  },
  "neural_net": null,
  "linear": {
    "accuracy": 0.9166666666666666,
    "precision": 0.9204487506374299,
    "recall": 0.9505002632964719,
    "f1": 0.9352331606217616
  }
}