{
  "xgboost": 0.34130257844490586,
  "lightgbm": 0.34160031109991496,
  "linear": 0.31709711045517935
}