{
  "xgboost": 0.3383654155216415,
  "lightgbm": 0.33778878168001186,
  "linear": 0.3238458027983467
}