{
  "xgboost": {
    "accuracy": 0.9622941176470589,
    "precision": 0.9621621621621622,
    "recall": 0.9556436149814649,
    "f1": 0.9588918104277561
  },
  "lightgbm": {
    "accuracy": 0.960764705882353,
    "precision": 0.9609636691574337,
    "recall": 0.9534705356001534,
    "f1": 0.9572024382418992
  },
  "neural_net": null,
  "linear": {
    "accuracy": 0.924,
    "precision": 0.9295015125608312,
    "recall": 0.9033618816310878,
    "f1": 0.9162453001426164
  }
}