{
  "xgboost": 0.36648124110700714,
  "lightgbm": 0.37143161337630426,
  "linear": 0.2620871455166886
}