{
  "xgboost": {
    "accuracy": 0.9962,
    "precision": 0.9842767295597484,
    "recall": 0.9571865443425076,
    "f1": 0.9705426356589147
  },
  "lightgbm": {
    "accuracy": 0.9986,
    "precision": 1.0,
    "recall": 0.9785932721712538,
    "f1": 0.9891808346213292
  },
  "neural_net": null,
  "linear": {
    "accuracy": 0.9566,
    "precision": 0.8055555555555556,
    "recall": 0.4434250764525994,
    "f1": 0.571992110453649
  }
}