{
  "xgboost": 0.3408583360291129,
  "lightgbm": 0.34105527003638825,
  "linear": 0.31808639393449867
}