{
  "xgboost": {
    "accuracy": 0.9983333333333333,
    "precision": 0.9978700745473909,
    "recall": 0.9994666666666666,
    "f1": 0.9986677324806821
  },
  "lightgbm": {
    "accuracy": 0.999,
    "precision": 0.9994663820704376,
    "recall": 0.9989333333333333,
    "f1": 0.9991997866097626
  },
  "neural_net": null,
  "linear": {
    "accuracy": 0.9206666666666666,
    "precision": 0.9243131156039399,
    "recall": 0.9509333333333333,
    "f1": 0.937434279705573
  }
}