{
  "xgboost": 0.37293933151904296,
  "lightgbm": 0.37762986116857034,
  "linear": 0.24943080731238676
}