{
  "xgboost": {
    "accuracy": 0.9968,
    "precision": 0.9967845659163987,
    "recall": 0.9538461538461539,
    "f1": 0.9748427672955975
  },
  "lightgbm": {
    "accuracy": 0.999,
    "precision": 0.9968944099378882,
    "recall": 0.9876923076923076,
    "f1": 0.9922720247295209
  },
  "neural_net": null,
  "linear": {
    "accuracy": 0.9522,
    "precision": 0.7654320987654321,
    "recall": 0.38153846153846155,
    "f1": 0.5092402464065708
  }
}